RequestID,PromptTokens,ConcurrentUsers,Latency_MS,Cost_USD
REQ-00001,1062,100,310.9,0.00159
REQ-00002,89,120,194.7,0.00013
REQ-00003,2362,364,747.6,0.00354
REQ-00004,977,268,410.2,0.00147
REQ-00005,746,149,279.3,0.00112
REQ-00006,173,480,568.3,0.00026
REQ-00007,2383,389,18057.3,0.00357
REQ-00008,382,176,219.3,0.00057
REQ-00009,824,25,250.1,0.00124
REQ-00010,532,359,418.7,0.0008
REQ-00011,269,414,561.5,0.0004
REQ-00012,78,277,244.1,0.00012
REQ-00013,178,119,192.2,0.00027
REQ-00014,1382,118,291.8,0.00207
REQ-00015,896,75,269.6,0.00134
REQ-00016,679,57,336.6,0.00102
REQ-00017,83,176,245.1,0.00012
REQ-00018,555,283,338.0,0.00083
REQ-00019,1806,387,657.8,0.00271
REQ-00020,567,206,347.6,0.00085
REQ-00021,475,26,199.3,0.00071
REQ-00022,815,464,688.1,0.00122
REQ-00023,360,473,666.8,0.00054
REQ-00024,745,271,321.5,0.00112
REQ-00025,454,287,330.2,0.00068
REQ-00026,66,396,432.6,0.0001
REQ-00027,501,43,103.6,0.00075
REQ-00028,473,52,223.2,0.00071
REQ-00029,843,148,250.2,0.00126
REQ-00030,608,265,381.5,0.00091
REQ-00031,191,226,206.4,0.00029
REQ-00032,929,330,488.8,0.00139
REQ-00033,166,192,160.6,0.00025
REQ-00034,199,384,442.2,0.0003
REQ-00035,249,69,151.3,0.00037
REQ-00036,122,259,20933.8,0.00018
REQ-00037,88,208,172.7,0.00013
REQ-00038,73,442,520.4,0.00011
REQ-00039,511,488,675.2,0.00077
REQ-00040,1372,239,462.2,0.00206
REQ-00041,810,99,221.1,0.00122
REQ-00042,915,440,678.2,0.00137
REQ-00043,2161,13,445.0,0.00324
REQ-00044,584,155,233.8,0.00088
REQ-00045,863,262,399.8,0.00129
REQ-00046,213,358,415.6,0.00032
REQ-00047,280,154,220.8,0.00042
REQ-00048,523,432,575.9,0.00078
REQ-00049,2928,266,766.9,0.00439
REQ-00050,554,356,462.8,0.00083
REQ-00051,468,255,287.4,0.0007
REQ-00052,1283,225,451.0,0.00192
REQ-00053,421,117,233.3,0.00063
REQ-00054,248,48,128.3,0.00037
REQ-00055,344,101,155.1,0.00052
REQ-00056,319,471,615.8,0.00048
REQ-00057,177,306,367.0,0.00027
REQ-00058,1136,443,715.6,0.0017
REQ-00059,1315,364,569.5,0.00197
REQ-00060,369,206,285.0,0.00055
REQ-00061,101,454,617.4,0.00015
REQ-00062,2771,237,693.1,0.00416
REQ-00063,78,221,315.4,0.00012
REQ-00064,1307,451,702.7,0.00196
REQ-00065,68,315,293.7,0.0001
REQ-00066,189,120,76.5,0.00028
REQ-00067,176,164,21275.9,0.00026
REQ-00068,1765,26,414.7,0.00265
REQ-00069,218,493,692.9,0.00033
REQ-00070,376,391,540.6,0.00056
REQ-00071,471,299,366.8,0.00071
REQ-00072,97,90,174.2,0.00015
REQ-00073,675,28,223.2,0.00101
REQ-00074,1550,231,468.5,0.00233
REQ-00075,1443,194,403.7,0.00216
REQ-00076,270,27,177.7,0.0004
REQ-00077,628,42,199.3,0.00094
REQ-00078,400,330,379.1,0.0006
REQ-00079,2811,470,1010.4,0.00422
REQ-00080,1157,217,475.1,0.00174
REQ-00081,1092,131,346.6,0.00164
REQ-00082,1543,128,321.8,0.00231
REQ-00083,465,123,212.3,0.0007
REQ-00084,141,349,409.2,0.00021
REQ-00085,1167,52,258.9,0.00175
REQ-00086,757,191,290.5,0.00114
REQ-00087,766,73,309.7,0.00115
REQ-00088,1859,72,433.2,0.00279
REQ-00089,762,240,290.1,0.00114
REQ-00090,172,52,191.7,0.00026
REQ-00091,844,296,514.0,0.00127
REQ-00092,107,302,310.4,0.00016
REQ-00093,2612,66,481.1,0.00392
REQ-00094,307,319,317.5,0.00046
REQ-00095,816,390,535.8,0.00122
REQ-00096,1822,474,775.3,0.00273
REQ-00097,1112,377,559.6,0.00167
REQ-00098,1815,262,545.1,0.00272
REQ-00099,2199,158,21373.1,0.0033
REQ-00100,75,12,145.3,0.00011
REQ-00101,950,457,643.4,0.00142
REQ-00102,395,445,542.4,0.00059
REQ-00103,1057,417,689.9,0.00159
REQ-00104,319,86,247.7,0.00048
REQ-00105,1046,277,396.9,0.00157
REQ-00106,206,411,491.9,0.00031
REQ-00107,323,225,328.8,0.00048
REQ-00108,1121,158,341.5,0.00168
REQ-00109,1760,242,535.4,0.00264
REQ-00110,632,379,475.5,0.00095
REQ-00111,275,106,204.6,0.00041
REQ-00112,1092,135,267.6,0.00164
REQ-00113,135,423,572.4,0.0002
REQ-00114,119,205,251.5,0.00018
REQ-00115,235,392,416.8,0.00035
REQ-00116,3723,343,913.9,0.00558
REQ-00117,1811,497,857.7,0.00272
REQ-00118,55,328,312.1,8e-05
REQ-00119,1124,410,687.8,0.00169
REQ-00120,69,254,290.0,0.0001
REQ-00121,437,14,160.8,0.00066
REQ-00122,381,369,445.0,0.00057
REQ-00123,2917,184,587.0,0.00438
REQ-00124,218,153,165.3,0.00033
REQ-00125,471,310,364.2,0.00071
REQ-00126,2343,57,426.2,0.00351
REQ-00127,95,11,138.8,0.00014
REQ-00128,745,351,517.6,0.00112
REQ-00129,1367,280,462.9,0.00205
REQ-00130,426,457,569.1,0.00064
REQ-00131,1026,478,664.2,0.00154
REQ-00132,269,426,556.6,0.0004
REQ-00133,936,119,308.2,0.0014
REQ-00134,514,158,228.3,0.00077
REQ-00135,396,56,218.1,0.00059
REQ-00136,1074,236,389.5,0.00161
REQ-00137,354,196,243.0,0.00053
REQ-00138,605,467,572.6,0.00091
REQ-00139,453,122,254.2,0.00068
REQ-00140,1171,207,403.6,0.00176
REQ-00141,643,354,460.6,0.00096
REQ-00142,1494,432,750.7,0.00224
REQ-00143,1580,286,516.6,0.00237
REQ-00144,825,442,642.4,0.00124
REQ-00145,339,265,378.3,0.00051
REQ-00146,896,491,748.9,0.00134
REQ-00147,2972,381,899.0,0.00446
REQ-00148,1525,462,739.6,0.00229
REQ-00149,546,310,397.8,0.00082
REQ-00150,156,351,416.2,0.00023
REQ-00151,192,67,178.3,0.00029
REQ-00152,574,31,225.7,0.00086
REQ-00153,446,294,299.9,0.00067
REQ-00154,1565,473,794.0,0.00235
REQ-00155,1438,278,478.8,0.00216
REQ-00156,2606,77,526.5,0.00391
REQ-00157,2926,240,690.1,0.00439
REQ-00158,1158,192,370.2,0.00174
REQ-00159,158,331,400.2,0.00024
REQ-00160,1713,207,493.9,0.00257
REQ-00161,644,52,209.7,0.00097
REQ-00162,983,439,625.0,0.00147
REQ-00163,273,472,646.0,0.00041
REQ-00164,1822,353,561.3,0.00273
REQ-00165,1646,459,804.0,0.00247
REQ-00166,2056,334,706.5,0.00308
REQ-00167,311,356,507.5,0.00047
REQ-00168,668,421,580.2,0.001
REQ-00169,2202,42,374.4,0.0033
REQ-00170,448,73,182.6,0.00067
REQ-00171,295,380,532.2,0.00044
REQ-00172,782,450,24023.6,0.00117
REQ-00173,246,356,490.6,0.00037
REQ-00174,1482,29,347.3,0.00222
REQ-00175,512,72,199.9,0.00077
REQ-00176,480,285,407.3,0.00072
REQ-00177,1163,433,659.1,0.00174
REQ-00178,542,103,214.8,0.00081
REQ-00179,357,451,598.5,0.00054
REQ-00180,358,190,206.3,0.00054
REQ-00181,1475,70,362.4,0.00221
REQ-00182,1860,45,447.1,0.00279
REQ-00183,247,334,438.3,0.00037
REQ-00184,463,179,272.9,0.00069
REQ-00185,79,89,165.7,0.00012
REQ-00186,2070,191,458.3,0.0031
REQ-00187,1056,345,551.0,0.00158
REQ-00188,678,459,617.4,0.00102
REQ-00189,278,390,439.0,0.00042
REQ-00190,1017,353,485.0,0.00153
REQ-00191,2576,212,540.7,0.00386
REQ-00192,910,422,624.7,0.00136
REQ-00193,557,232,327.5,0.00084
REQ-00194,498,341,443.6,0.00075
REQ-00195,438,103,205.9,0.00066
REQ-00196,621,209,305.8,0.00093
REQ-00197,1517,391,640.8,0.00228
REQ-00198,1478,456,738.1,0.00222
REQ-00199,55,489,636.7,8e-05
REQ-00200,695,243,315.7,0.00104
REQ-00201,1370,43,354.3,0.00206
REQ-00202,115,391,435.9,0.00017
REQ-00203,1860,132,394.3,0.00279
REQ-00204,3005,355,795.9,0.00451
REQ-00205,1447,442,706.7,0.00217
REQ-00206,1047,339,531.7,0.00157
REQ-00207,332,283,375.2,0.0005
REQ-00208,188,216,247.0,0.00028
REQ-00209,536,198,410.4,0.0008
REQ-00210,892,411,614.8,0.00134
REQ-00211,490,231,253.2,0.00074
REQ-00212,655,94,309.9,0.00098
REQ-00213,316,169,193.2,0.00047
REQ-00214,83,280,328.0,0.00012
REQ-00215,692,60,276.0,0.00104
REQ-00216,95,279,247.8,0.00014
REQ-00217,2745,365,821.4,0.00412
REQ-00218,1214,104,329.1,0.00182
REQ-00219,370,139,198.0,0.00056
REQ-00220,258,281,259.6,0.00039
REQ-00221,1080,499,719.0,0.00162
REQ-00222,1148,348,553.2,0.00172
REQ-00223,1689,400,684.0,0.00253
REQ-00224,244,204,183.2,0.00037
REQ-00225,169,298,292.8,0.00025
REQ-00226,486,479,634.8,0.00073
REQ-00227,5891,205,1029.0,0.00884
REQ-00228,258,333,383.8,0.00039
REQ-00229,1486,292,540.7,0.00223
REQ-00230,263,185,147.3,0.00039
REQ-00231,459,376,465.6,0.00069
REQ-00232,746,243,411.2,0.00112
REQ-00233,587,243,314.9,0.00088
REQ-00234,294,485,566.9,0.00044
REQ-00235,2322,219,592.8,0.00348
REQ-00236,135,256,263.6,0.0002
REQ-00237,253,40,192.4,0.00038
REQ-00238,570,298,388.7,0.00086
REQ-00239,652,127,205.4,0.00098
REQ-00240,880,180,314.5,0.00132
REQ-00241,78,370,411.7,0.00012
REQ-00242,213,392,422.4,0.00032
REQ-00243,377,90,153.2,0.00057
REQ-00244,51,140,118.7,8e-05
REQ-00245,166,39,169.1,0.00025
REQ-00246,60,336,354.4,9e-05
REQ-00247,2053,212,501.9,0.00308
REQ-00248,133,100,142.7,0.0002
REQ-00249,1013,366,550.9,0.00152
REQ-00250,2680,256,585.8,0.00402
REQ-00251,2224,153,592.1,0.00334
REQ-00252,406,445,584.3,0.00061
REQ-00253,106,189,221.0,0.00016
REQ-00254,113,387,443.5,0.00017
REQ-00255,2094,187,466.4,0.00314
REQ-00256,135,10,165.2,0.0002
REQ-00257,1556,179,521.7,0.00233
REQ-00258,884,328,436.3,0.00133
REQ-00259,563,146,296.2,0.00084
REQ-00260,196,491,613.9,0.00029
REQ-00261,976,328,491.6,0.00146
REQ-00262,128,156,211.1,0.00019
REQ-00263,2290,195,574.8,0.00344
REQ-00264,2126,127,467.8,0.00319
REQ-00265,728,66,260.7,0.00109
REQ-00266,129,384,447.1,0.00019
REQ-00267,158,49,176.6,0.00024
REQ-00268,682,383,604.7,0.00102
REQ-00269,800,43,280.7,0.0012
REQ-00270,1327,356,526.9,0.00199
REQ-00271,1587,239,500.4,0.00238
REQ-00272,682,204,367.9,0.00102
REQ-00273,825,108,303.7,0.00124
REQ-00274,384,295,379.1,0.00058
REQ-00275,584,187,296.3,0.00088
REQ-00276,286,124,185.6,0.00043
REQ-00277,2628,168,545.4,0.00394
REQ-00278,2087,283,565.7,0.00313
REQ-00279,137,280,252.3,0.00021
REQ-00280,1192,304,488.2,0.00179
REQ-00281,1341,137,328.0,0.00201
REQ-00282,257,427,531.3,0.00039
REQ-00283,726,51,182.2,0.00109
REQ-00284,262,212,227.1,0.00039
REQ-00285,75,61,150.2,0.00011
REQ-00286,55,421,385.4,8e-05
REQ-00287,429,312,404.5,0.00064
REQ-00288,134,427,566.5,0.0002
REQ-00289,2560,318,727.1,0.00384
REQ-00290,745,215,323.1,0.00112
REQ-00291,174,481,593.8,0.00026
REQ-00292,392,219,290.4,0.00059
REQ-00293,1576,441,720.5,0.00236
REQ-00294,1331,304,493.2,0.002
REQ-00295,424,478,622.5,0.00064
REQ-00296,157,150,167.9,0.00024
REQ-00297,484,281,250.2,0.00073
REQ-00298,272,325,356.6,0.00041
REQ-00299,1829,399,753.8,0.00274
REQ-00300,215,97,160.7,0.00032
REQ-00301,2062,260,541.5,0.00309
REQ-00302,1384,36,349.6,0.00208
REQ-00303,147,402,495.1,0.00022
REQ-00304,159,374,394.1,0.00024
REQ-00305,688,250,346.5,0.00103
REQ-00306,380,10,224.9,0.00057
REQ-00307,1055,488,720.3,0.00158
REQ-00308,1763,205,484.9,0.00264
REQ-00309,646,365,447.2,0.00097
REQ-00310,404,475,686.2,0.00061
REQ-00311,472,74,175.0,0.00071
REQ-00312,1077,195,407.0,0.00162
REQ-00313,339,16,188.7,0.00051
REQ-00314,297,432,576.4,0.00045
REQ-00315,766,492,673.1,0.00115
REQ-00316,201,160,217.7,0.0003
REQ-00317,396,382,495.8,0.00059
REQ-00318,683,289,386.3,0.00102
REQ-00319,376,367,412.4,0.00056
REQ-00320,1776,472,766.9,0.00266
REQ-00321,444,408,487.6,0.00067
REQ-00322,725,91,288.2,0.00109
REQ-00323,141,350,416.6,0.00021
REQ-00324,335,271,376.4,0.0005
REQ-00325,322,206,236.6,0.00048
REQ-00326,1136,312,538.0,0.0017
REQ-00327,1369,369,624.0,0.00205
REQ-00328,443,406,480.1,0.00066
REQ-00329,172,99,191.6,0.00026
REQ-00330,58,121,185.9,9e-05
REQ-00331,492,427,515.0,0.00074
REQ-00332,635,225,356.5,0.00095
REQ-00333,384,385,398.4,0.00058
REQ-00334,248,290,294.0,0.00037
REQ-00335,1306,454,696.8,0.00196
REQ-00336,933,180,348.3,0.0014
REQ-00337,905,339,498.0,0.00136
REQ-00338,926,151,276.0,0.00139
REQ-00339,294,331,392.0,0.00044
REQ-00340,347,94,261.5,0.00052
REQ-00341,1440,176,386.9,0.00216
REQ-00342,387,275,293.9,0.00058
REQ-00343,170,447,475.9,0.00026
REQ-00344,1793,475,901.4,0.00269
REQ-00345,1968,247,560.8,0.00295
REQ-00346,245,228,232.4,0.00037
REQ-00347,1001,39,261.8,0.0015
REQ-00348,820,441,584.8,0.00123
REQ-00349,1138,231,416.7,0.00171
REQ-00350,633,68,258.4,0.00095
REQ-00351,931,468,708.7,0.0014
REQ-00352,838,384,556.4,0.00126
REQ-00353,214,309,335.1,0.00032
REQ-00354,176,348,353.3,0.00026
REQ-00355,59,318,319.4,9e-05
REQ-00356,127,312,286.7,0.00019
REQ-00357,967,200,359.5,0.00145
REQ-00358,277,171,250.4,0.00042
REQ-00359,430,229,313.5,0.00064
REQ-00360,159,66,236.9,0.00024
REQ-00361,704,40,240.9,0.00106
REQ-00362,140,104,195.9,0.00021
REQ-00363,1175,335,473.7,0.00176
REQ-00364,1383,240,499.8,0.00207
REQ-00365,280,317,406.3,0.00042
REQ-00366,238,321,390.1,0.00036
REQ-00367,586,217,285.8,0.00088
REQ-00368,257,309,330.6,0.00039
REQ-00369,303,139,221.2,0.00045
REQ-00370,74,142,133.5,0.00011
REQ-00371,642,216,359.7,0.00096
REQ-00372,720,404,495.2,0.00108
REQ-00373,531,492,689.0,0.0008
REQ-00374,50,433,425.1,7e-05
REQ-00375,1309,429,642.4,0.00196
REQ-00376,273,296,406.7,0.00041
REQ-00377,879,217,369.5,0.00132
REQ-00378,878,48,214.5,0.00132
REQ-00379,709,250,349.5,0.00106
REQ-00380,246,188,244.5,0.00037
REQ-00381,160,152,165.3,0.00024
REQ-00382,938,388,618.4,0.00141
REQ-00383,882,353,483.8,0.00132
REQ-00384,135,51,144.9,0.0002
REQ-00385,1009,248,421.8,0.00151
REQ-00386,1477,144,404.7,0.00222
REQ-00387,1098,288,422.7,0.00165
REQ-00388,1260,396,518.9,0.00189
REQ-00389,729,270,423.9,0.00109
REQ-00390,62,412,478.7,9e-05
REQ-00391,884,115,307.8,0.00133
REQ-00392,313,172,217.1,0.00047
REQ-00393,1786,82,442.2,0.00268
REQ-00394,416,120,226.2,0.00062
REQ-00395,3062,269,645.9,0.00459
REQ-00396,687,177,308.2,0.00103
REQ-00397,291,328,390.3,0.00044
REQ-00398,1335,67,317.4,0.002
REQ-00399,3025,277,792.6,0.00454
REQ-00400,1602,17,355.2,0.0024
REQ-00401,169,169,188.0,0.00025
REQ-00402,122,52,102.3,0.00018
REQ-00403,1057,254,389.9,0.00159
REQ-00404,866,220,371.8,0.0013
REQ-00405,849,488,722.8,0.00127
REQ-00406,1089,35,268.3,0.00163
REQ-00407,998,471,735.8,0.0015
REQ-00408,150,397,437.6,0.00022
REQ-00409,382,97,200.9,0.00057
REQ-00410,91,385,415.4,0.00014
REQ-00411,816,135,323.2,0.00122
REQ-00412,220,182,199.6,0.00033
REQ-00413,971,449,693.6,0.00146
REQ-00414,675,60,220.2,0.00101
REQ-00415,1002,434,666.1,0.0015
REQ-00416,462,55,125.6,0.00069
REQ-00417,2389,314,633.1,0.00358
REQ-00418,679,71,209.4,0.00102
REQ-00419,510,163,270.8,0.00076
REQ-00420,725,217,308.9,0.00109
REQ-00421,710,447,670.0,0.00106
REQ-00422,177,401,505.1,0.00027
REQ-00423,116,390,465.9,0.00017
REQ-00424,2754,22,490.6,0.00413
REQ-00425,169,245,250.9,0.00025
REQ-00426,432,96,230.2,0.00065
REQ-00427,400,398,504.3,0.0006
REQ-00428,915,377,532.1,0.00137
REQ-00429,532,276,349.1,0.0008
REQ-00430,77,400,496.0,0.00012
REQ-00431,735,359,451.3,0.0011
REQ-00432,1215,323,523.2,0.00182
REQ-00433,2453,405,782.4,0.00368
REQ-00434,959,425,712.2,0.00144
REQ-00435,341,115,109.0,0.00051
REQ-00436,443,73,228.5,0.00066
REQ-00437,2563,224,574.0,0.00384
REQ-00438,184,362,428.1,0.00028
REQ-00439,844,367,494.5,0.00127
REQ-00440,1138,153,345.9,0.00171
REQ-00441,3056,237,681.9,0.00458
REQ-00442,730,301,459.2,0.0011
REQ-00443,487,185,317.6,0.00073
REQ-00444,583,315,463.2,0.00087
REQ-00445,228,354,444.4,0.00034
REQ-00446,1954,384,654.3,0.00293
REQ-00447,68,401,374.2,0.0001
REQ-00448,94,354,321.4,0.00014
REQ-00449,1197,218,379.3,0.0018
REQ-00450,249,471,618.4,0.00037
REQ-00451,71,54,21080.9,0.00011
REQ-00452,5925,184,1061.0,0.00889
REQ-00453,656,138,257.5,0.00098
REQ-00454,188,181,260.8,0.00028
REQ-00455,826,153,217.2,0.00124
REQ-00456,843,179,326.8,0.00126
REQ-00457,3396,475,1076.6,0.00509
REQ-00458,1016,348,23604.7,0.00152
REQ-00459,249,298,343.7,0.00037
REQ-00460,458,158,218.6,0.00069
REQ-00461,580,110,250.5,0.00087
REQ-00462,596,470,618.1,0.00089
REQ-00463,671,316,441.7,0.00101
REQ-00464,548,387,463.3,0.00082
REQ-00465,409,231,296.4,0.00061
REQ-00466,326,391,509.1,0.00049
REQ-00467,92,159,202.8,0.00014
REQ-00468,705,396,573.3,0.00106
REQ-00469,881,373,541.1,0.00132
REQ-00470,2212,474,894.6,0.00332
REQ-00471,460,378,441.1,0.00069
REQ-00472,604,181,293.2,0.00091
REQ-00473,146,457,527.0,0.00022
REQ-00474,1384,150,368.2,0.00208
REQ-00475,1294,425,609.5,0.00194
REQ-00476,600,320,343.8,0.0009
REQ-00477,139,296,357.2,0.00021
REQ-00478,1128,397,674.2,0.00169
REQ-00479,547,441,592.7,0.00082
REQ-00480,541,488,686.7,0.00081
REQ-00481,209,433,562.7,0.00031
REQ-00482,2920,15,514.2,0.00438
REQ-00483,1428,165,389.3,0.00214
REQ-00484,593,57,190.4,0.00089
REQ-00485,617,416,603.3,0.00093
REQ-00486,3067,15,595.2,0.0046
REQ-00487,289,147,137.5,0.00043
REQ-00488,2218,358,709.5,0.00333
REQ-00489,333,52,163.3,0.0005
REQ-00490,216,65,151.3,0.00032
REQ-00491,371,63,197.7,0.00056
REQ-00492,70,212,202.4,0.0001
REQ-00493,1620,215,462.9,0.00243
REQ-00494,1648,434,760.2,0.00247
REQ-00495,2797,173,644.5,0.0042
REQ-00496,72,476,643.0,0.00011
REQ-00497,149,326,368.4,0.00022
REQ-00498,873,488,719.9,0.00131
REQ-00499,53,257,272.7,8e-05
REQ-00500,1325,146,345.5,0.00199
REQ-00501,195,18,83.9,0.00029
REQ-00502,94,128,180.4,0.00014
REQ-00503,197,409,18931.9,0.0003
REQ-00504,1545,246,474.8,0.00232
REQ-00505,203,114,114.4,0.0003
REQ-00506,282,438,545.8,0.00042
REQ-00507,896,31,292.7,0.00134
REQ-00508,177,190,197.8,0.00027
REQ-00509,882,479,828.9,0.00132
REQ-00510,532,367,408.4,0.0008
REQ-00511,1305,59,309.4,0.00196
REQ-00512,2194,31,451.1,0.00329
REQ-00513,104,61,180.2,0.00016
REQ-00514,836,316,417.1,0.00125
REQ-00515,3361,254,782.8,0.00504
REQ-00516,203,391,551.5,0.0003
REQ-00517,2862,468,918.3,0.00429
REQ-00518,819,300,385.6,0.00123
REQ-00519,1536,479,835.8,0.0023
REQ-00520,931,326,467.6,0.0014
REQ-00521,57,32,140.1,9e-05
REQ-00522,610,476,705.3,0.00092
REQ-00523,2483,67,364.5,0.00372
REQ-00524,1408,133,381.5,0.00211
REQ-00525,345,424,518.4,0.00052
REQ-00526,89,460,551.9,0.00013
REQ-00527,541,17,253.6,0.00081
REQ-00528,524,60,165.3,0.00079
REQ-00529,1152,421,715.7,0.00173
REQ-00530,180,75,142.2,0.00027
REQ-00531,560,32,144.4,0.00084
REQ-00532,1614,90,433.4,0.00242
REQ-00533,328,458,620.0,0.00049
REQ-00534,64,199,222.8,0.0001
REQ-00535,1312,376,593.1,0.00197
REQ-00536,84,123,176.1,0.00013
REQ-00537,405,233,23425.3,0.00061
REQ-00538,711,265,384.0,0.00107
REQ-00539,478,459,598.1,0.00072
REQ-00540,592,367,505.5,0.00089
REQ-00541,281,474,632.9,0.00042
REQ-00542,1658,482,832.7,0.00249
REQ-00543,4975,197,897.2,0.00746
REQ-00544,1165,459,629.0,0.00175
REQ-00545,1009,489,724.9,0.00151
REQ-00546,516,283,440.4,0.00077
REQ-00547,339,111,219.4,0.00051
REQ-00548,1784,408,708.8,0.00268
REQ-00549,1090,195,318.2,0.00164
REQ-00550,310,252,292.3,0.00046
REQ-00551,206,55,62.9,0.00031
REQ-00552,678,365,462.2,0.00102
REQ-00553,2922,362,817.0,0.00438
REQ-00554,1058,390,584.7,0.00159
REQ-00555,779,187,306.3,0.00117
REQ-00556,921,375,573.1,0.00138
REQ-00557,100,190,215.8,0.00015
REQ-00558,1266,336,544.8,0.0019
REQ-00559,1338,69,362.0,0.00201
REQ-00560,54,323,302.9,8e-05
REQ-00561,1006,329,18736.1,0.00151
REQ-00562,2111,283,592.6,0.00317
REQ-00563,320,415,476.5,0.00048
REQ-00564,811,97,309.7,0.00122
REQ-00565,1958,380,668.3,0.00294
REQ-00566,1893,385,695.6,0.00284
REQ-00567,94,252,283.9,0.00014
REQ-00568,1578,120,463.4,0.00237
REQ-00569,3609,21,717.8,0.00541
REQ-00570,1173,140,296.7,0.00176
REQ-00571,2016,486,869.2,0.00302
REQ-00572,177,416,472.3,0.00027
REQ-00573,1834,346,674.5,0.00275
REQ-00574,476,351,443.0,0.00071
REQ-00575,136,349,380.2,0.0002
REQ-00576,384,422,467.6,0.00058
REQ-00577,173,471,608.3,0.00026
REQ-00578,1210,380,603.5,0.00182
REQ-00579,1394,137,352.5,0.00209
REQ-00580,1274,149,316.6,0.00191
REQ-00581,228,255,370.4,0.00034
REQ-00582,535,316,470.8,0.0008
REQ-00583,703,27,205.4,0.00105
REQ-00584,112,394,438.8,0.00017
REQ-00585,1277,228,364.2,0.00192
REQ-00586,1664,96,349.5,0.0025
REQ-00587,585,191,223.8,0.00088
REQ-00588,402,157,203.0,0.0006
REQ-00589,2733,276,649.5,0.0041
REQ-00590,215,473,650.5,0.00032
REQ-00591,965,316,474.4,0.00145
REQ-00592,115,144,213.3,0.00017
REQ-00593,431,330,376.1,0.00065
REQ-00594,169,110,236.1,0.00025
REQ-00595,184,64,160.9,0.00028
REQ-00596,161,61,170.0,0.00024
REQ-00597,53,345,331.9,8e-05
REQ-00598,2232,94,473.6,0.00335
REQ-00599,116,217,163.3,0.00017
REQ-00600,1152,59,294.6,0.00173
REQ-00601,642,107,260.2,0.00096
REQ-00602,1226,169,329.5,0.00184
REQ-00603,621,44,265.7,0.00093
REQ-00604,856,186,301.2,0.00128
REQ-00605,6012,53,974.4,0.00902
REQ-00606,1414,342,597.4,0.00212
REQ-00607,1645,33,338.8,0.00247
REQ-00608,389,16,150.7,0.00058
REQ-00609,544,223,258.0,0.00082
REQ-00610,2793,204,674.2,0.00419
REQ-00611,166,486,519.5,0.00025
REQ-00612,824,425,616.1,0.00124
REQ-00613,842,363,464.6,0.00126
REQ-00614,506,321,416.6,0.00076
REQ-00615,1656,326,594.8,0.00248
REQ-00616,1799,22,383.6,0.0027
REQ-00617,124,271,268.0,0.00019
REQ-00618,1799,376,689.1,0.0027
REQ-00619,1395,333,517.2,0.00209
REQ-00620,53,294,307.3,8e-05
REQ-00621,908,57,303.5,0.00136
REQ-00622,153,275,268.6,0.00023
REQ-00623,1325,291,517.4,0.00199
REQ-00624,131,323,377.4,0.0002
REQ-00625,962,354,544.9,0.00144
REQ-00626,553,130,227.8,0.00083
REQ-00627,2019,66,537.8,0.00303
REQ-00628,165,200,274.7,0.00025
REQ-00629,1980,387,723.2,0.00297
REQ-00630,1955,414,741.5,0.00293
REQ-00631,2830,335,878.2,0.00425
REQ-00632,76,321,380.0,0.00011
REQ-00633,2444,419,854.1,0.00367
REQ-00634,55,215,234.5,8e-05
REQ-00635,104,403,426.7,0.00016
REQ-00636,375,499,669.5,0.00056
REQ-00637,498,438,537.2,0.00075
REQ-00638,444,119,228.9,0.00067
REQ-00639,172,32,191.9,0.00026
REQ-00640,505,195,298.6,0.00076
REQ-00641,1232,221,450.5,0.00185
REQ-00642,426,154,263.4,0.00064
REQ-00643,473,100,220.5,0.00071
REQ-00644,406,367,494.2,0.00061
REQ-00645,537,239,277.6,0.00081
REQ-00646,488,234,400.2,0.00073
REQ-00647,763,406,543.4,0.00114
REQ-00648,676,392,519.5,0.00101
REQ-00649,2051,342,669.6,0.00308
REQ-00650,357,146,221.1,0.00054
REQ-00651,150,304,287.5,0.00022
REQ-00652,290,421,545.8,0.00044
REQ-00653,701,152,290.3,0.00105
REQ-00654,645,493,685.6,0.00097
REQ-00655,693,165,273.0,0.00104
REQ-00656,888,280,457.8,0.00133
REQ-00657,113,176,238.0,0.00017
REQ-00658,1041,51,283.3,0.00156
REQ-00659,712,411,508.7,0.00107
REQ-00660,2069,496,979.7,0.0031
REQ-00661,425,350,349.0,0.00064
REQ-00662,337,53,105.4,0.00051
REQ-00663,448,401,559.6,0.00067
REQ-00664,809,298,365.6,0.00121
REQ-00665,2687,445,973.5,0.00403
REQ-00666,574,81,286.3,0.00086
REQ-00667,351,179,240.6,0.00053
REQ-00668,1496,163,431.0,0.00224
REQ-00669,306,203,262.5,0.00046
REQ-00670,981,283,419.3,0.00147
REQ-00671,1459,262,481.1,0.00219
REQ-00672,1206,207,404.8,0.00181
REQ-00673,946,478,702.6,0.00142
REQ-00674,752,223,355.0,0.00113
REQ-00675,1284,370,635.9,0.00193
REQ-00676,757,14,260.5,0.00114
REQ-00677,1732,297,524.0,0.0026
REQ-00678,141,218,249.2,0.00021
REQ-00679,1012,103,329.9,0.00152
REQ-00680,426,254,338.6,0.00064
REQ-00681,597,435,532.4,0.0009
REQ-00682,869,96,273.7,0.0013
REQ-00683,1245,147,272.3,0.00187
REQ-00684,421,339,477.8,0.00063
REQ-00685,605,94,280.3,0.00091
REQ-00686,3086,485,1042.4,0.00463
REQ-00687,1753,198,496.9,0.00263
REQ-00688,136,382,468.7,0.0002
REQ-00689,1984,249,504.8,0.00298
REQ-00690,839,387,590.9,0.00126
REQ-00691,256,205,217.2,0.00038
REQ-00692,2680,426,837.9,0.00402
REQ-00693,618,447,610.3,0.00093
REQ-00694,368,199,277.6,0.00055
REQ-00695,1177,245,384.3,0.00177
REQ-00696,473,360,454.0,0.00071
REQ-00697,734,282,365.8,0.0011
REQ-00698,1696,393,672.7,0.00254
REQ-00699,829,409,523.0,0.00124
REQ-00700,4708,321,1053.9,0.00706
REQ-00701,189,110,141.3,0.00028
REQ-00702,990,308,453.7,0.00148
REQ-00703,426,58,138.4,0.00064
REQ-00704,508,346,429.4,0.00076
REQ-00705,347,55,161.4,0.00052
REQ-00706,902,460,724.8,0.00135
REQ-00707,334,155,224.3,0.0005
REQ-00708,1351,20,305.5,0.00203
REQ-00709,518,428,593.4,0.00078
REQ-00710,1604,406,716.1,0.00241
REQ-00711,60,439,499.4,9e-05
REQ-00712,1519,444,732.5,0.00228
REQ-00713,382,307,307.9,0.00057
REQ-00714,477,372,380.6,0.00072
REQ-00715,416,303,392.3,0.00062
REQ-00716,1121,247,411.0,0.00168
REQ-00717,449,412,523.0,0.00067
REQ-00718,652,95,186.0,0.00098
REQ-00719,1103,476,721.0,0.00165
REQ-00720,823,303,410.3,0.00123
REQ-00721,343,85,165.7,0.00051
REQ-00722,143,244,256.9,0.00021
REQ-00723,324,435,562.6,0.00049
REQ-00724,124,308,362.0,0.00019
REQ-00725,581,363,483.8,0.00087
REQ-00726,289,123,114.9,0.00043
REQ-00727,314,103,89.3,0.00047
REQ-00728,51,365,396.5,8e-05
REQ-00729,314,222,273.6,0.00047
REQ-00730,141,204,245.5,0.00021
REQ-00731,110,194,245.2,0.00016
REQ-00732,1572,496,845.8,0.00236
REQ-00733,272,81,133.3,0.00041
REQ-00734,2052,233,507.0,0.00308
REQ-00735,748,444,606.9,0.00112
REQ-00736,1382,362,531.3,0.00207
REQ-00737,334,145,214.7,0.0005
REQ-00738,168,420,539.3,0.00025
REQ-00739,3576,260,730.7,0.00536
REQ-00740,121,372,455.8,0.00018
REQ-00741,128,489,595.3,0.00019
REQ-00742,178,496,664.3,0.00027
REQ-00743,228,18,128.0,0.00034
REQ-00744,542,264,340.0,0.00081
REQ-00745,148,364,394.6,0.00022
REQ-00746,692,468,686.8,0.00104
REQ-00747,880,397,548.8,0.00132
REQ-00748,854,159,306.0,0.00128
REQ-00749,159,294,371.8,0.00024
REQ-00750,53,184,203.9,8e-05
REQ-00751,278,348,443.6,0.00042
REQ-00752,67,395,528.4,0.0001
REQ-00753,930,394,519.3,0.0014
REQ-00754,612,469,663.3,0.00092
REQ-00755,1867,224,485.8,0.0028
REQ-00756,550,460,639.0,0.00083
REQ-00757,227,363,401.6,0.00034
REQ-00758,390,304,405.3,0.00058
REQ-00759,144,427,532.0,0.00022
REQ-00760,90,333,397.4,0.00014
REQ-00761,1256,232,466.7,0.00188
REQ-00762,787,140,268.3,0.00118
REQ-00763,1290,263,408.5,0.00194
REQ-00764,382,232,319.6,0.00057
REQ-00765,189,268,232.7,0.00028
REQ-00766,1194,453,687.7,0.00179
REQ-00767,668,289,318.4,0.001
REQ-00768,2504,461,942.1,0.00376
REQ-00769,205,101,173.1,0.00031
REQ-00770,466,279,242.1,0.0007
REQ-00771,790,12,197.8,0.00119
REQ-00772,597,314,361.6,0.0009
REQ-00773,1133,151,303.4,0.0017
REQ-00774,1047,327,521.5,0.00157
REQ-00775,173,358,399.6,0.00026
REQ-00776,422,193,259.4,0.00063
REQ-00777,715,339,473.7,0.00107
REQ-00778,2604,107,579.8,0.00391
REQ-00779,184,277,318.4,0.00028
REQ-00780,94,450,574.8,0.00014
REQ-00781,1741,370,640.4,0.00261
REQ-00782,97,314,304.8,0.00015
REQ-00783,732,315,379.1,0.0011
REQ-00784,617,356,469.8,0.00093
REQ-00785,363,445,683.4,0.00054
REQ-00786,1043,442,644.4,0.00156
REQ-00787,800,317,468.5,0.0012
REQ-00788,1727,339,630.7,0.00259
REQ-00789,735,251,401.4,0.0011
REQ-00790,256,486,650.8,0.00038
REQ-00791,375,201,188.9,0.00056
REQ-00792,90,125,125.0,0.00014
REQ-00793,957,387,562.8,0.00144
REQ-00794,96,451,511.2,0.00014
REQ-00795,1250,268,489.1,0.00188
REQ-00796,171,306,299.5,0.00026
REQ-00797,280,285,315.2,0.00042
REQ-00798,115,95,207.6,0.00017
REQ-00799,185,307,291.8,0.00028
REQ-00800,311,268,261.4,0.00047
REQ-00801,196,185,156.9,0.00029
REQ-00802,606,284,388.2,0.00091
REQ-00803,463,248,286.2,0.00069
REQ-00804,700,98,287.1,0.00105
REQ-00805,749,27,268.6,0.00112
REQ-00806,195,315,324.2,0.00029
REQ-00807,159,408,552.0,0.00024
REQ-00808,90,112,62.0,0.00014
REQ-00809,448,281,317.6,0.00067
REQ-00810,1797,151,472.5,0.0027
REQ-00811,2889,447,976.7,0.00433
REQ-00812,186,281,343.6,0.00028
REQ-00813,3387,494,1134.9,0.00508
REQ-00814,57,181,248.1,9e-05
REQ-00815,185,13,120.4,0.00028
REQ-00816,105,355,384.2,0.00016
REQ-00817,3212,226,789.5,0.00482
REQ-00818,474,101,196.0,0.00071
REQ-00819,395,20,185.7,0.00059
REQ-00820,115,147,106.3,0.00017
REQ-00821,93,23,100.2,0.00014
REQ-00822,2392,404,813.3,0.00359
REQ-00823,634,176,361.0,0.00095
REQ-00824,79,337,300.2,0.00012
REQ-00825,485,284,331.9,0.00073
REQ-00826,681,84,226.1,0.00102
REQ-00827,1023,358,603.9,0.00153
REQ-00828,1788,304,575.9,0.00268
REQ-00829,1154,361,565.6,0.00173
REQ-00830,736,464,679.2,0.0011
REQ-00831,757,256,405.5,0.00114
REQ-00832,75,382,432.4,0.00011
REQ-00833,467,102,178.7,0.0007
REQ-00834,2144,374,730.0,0.00322
REQ-00835,1067,410,581.1,0.0016
REQ-00836,725,23,207.8,0.00109
REQ-00837,1151,445,685.1,0.00173
REQ-00838,166,263,370.0,0.00025
REQ-00839,1416,164,390.4,0.00212
REQ-00840,1907,321,638.4,0.00286
REQ-00841,1081,180,328.4,0.00162
REQ-00842,1606,103,322.4,0.00241
REQ-00843,641,50,189.4,0.00096
REQ-00844,124,368,447.0,0.00019
REQ-00845,447,363,366.8,0.00067
REQ-00846,401,267,336.9,0.0006
REQ-00847,76,275,317.1,0.00011
REQ-00848,128,152,232.3,0.00019
REQ-00849,2510,211,543.5,0.00376
REQ-00850,1549,231,464.9,0.00232
REQ-00851,856,143,316.8,0.00128
REQ-00852,323,87,268.8,0.00048
REQ-00853,2745,234,734.4,0.00412
REQ-00854,207,347,346.0,0.00031
REQ-00855,965,248,370.8,0.00145
REQ-00856,170,188,207.7,0.00026
REQ-00857,293,141,166.8,0.00044
REQ-00858,1205,470,708.2,0.00181
REQ-00859,266,123,159.3,0.0004
REQ-00860,1016,83,206.2,0.00152
REQ-00861,1468,339,557.4,0.0022
REQ-00862,1779,336,603.1,0.00267
REQ-00863,387,243,358.2,0.00058
REQ-00864,1328,342,558.9,0.00199
REQ-00865,3015,479,994.4,0.00452
REQ-00866,990,28,309.4,0.00148
REQ-00867,772,21,174.3,0.00116
REQ-00868,437,266,341.1,0.00066
REQ-00869,279,84,132.3,0.00042
REQ-00870,879,25,280.9,0.00132
REQ-00871,51,38,168.3,8e-05
REQ-00872,514,255,313.2,0.00077
REQ-00873,122,109,159.5,0.00018
REQ-00874,157,223,237.2,0.00024
REQ-00875,114,239,252.7,0.00017
REQ-00876,512,359,509.7,0.00077
REQ-00877,140,475,626.3,0.00021
REQ-00878,742,449,674.5,0.00111
REQ-00879,378,304,370.7,0.00057
REQ-00880,368,117,260.0,0.00055
REQ-00881,2502,308,682.7,0.00375
REQ-00882,1085,92,302.2,0.00163
REQ-00883,1091,476,712.1,0.00164
REQ-00884,355,124,217.3,0.00053
REQ-00885,2326,456,917.7,0.00349
REQ-00886,54,376,451.7,8e-05
REQ-00887,500,383,492.8,0.00075
REQ-00888,277,125,161.0,0.00042
REQ-00889,189,108,237.4,0.00028
REQ-00890,242,453,496.6,0.00036
REQ-00891,399,341,422.7,0.0006
REQ-00892,932,21,328.0,0.0014
REQ-00893,167,225,250.9,0.00025
REQ-00894,102,497,631.1,0.00015
REQ-00895,563,76,172.7,0.00084
REQ-00896,1317,474,728.9,0.00198
REQ-00897,1734,161,459.6,0.0026
REQ-00898,1616,228,421.3,0.00242
REQ-00899,425,239,243.2,0.00064
REQ-00900,1637,167,465.6,0.00246
REQ-00901,613,380,539.9,0.00092
REQ-00902,370,475,672.0,0.00056
REQ-00903,336,233,264.5,0.0005
REQ-00904,306,348,387.8,0.00046
REQ-00905,1000,472,689.1,0.0015
REQ-00906,71,275,303.8,0.00011
REQ-00907,564,467,586.9,0.00085
REQ-00908,1269,112,360.1,0.0019
REQ-00909,642,147,252.9,0.00096
REQ-00910,914,36,300.4,0.00137
REQ-00911,153,169,209.2,0.00023
REQ-00912,503,64,251.0,0.00075
REQ-00913,318,153,195.9,0.00048
REQ-00914,128,435,536.3,0.00019
REQ-00915,918,373,498.2,0.00138
REQ-00916,677,110,17827.2,0.00102
REQ-00917,1320,155,322.1,0.00198
REQ-00918,205,175,204.5,0.00031
REQ-00919,183,331,268.4,0.00027
REQ-00920,506,137,244.6,0.00076
REQ-00921,544,116,198.2,0.00082
REQ-00922,458,441,529.2,0.00069
REQ-00923,1430,481,790.9,0.00215
REQ-00924,187,156,237.0,0.00028
REQ-00925,4967,143,859.7,0.00745
REQ-00926,626,118,327.4,0.00094
REQ-00927,222,243,297.7,0.00033
REQ-00928,1165,36,295.9,0.00175
REQ-00929,390,452,635.5,0.00058
REQ-00930,367,368,434.2,0.00055
REQ-00931,649,372,507.6,0.00097
REQ-00932,995,129,332.6,0.00149
REQ-00933,421,39,171.7,0.00063
REQ-00934,549,65,262.3,0.00082
REQ-00935,1538,327,529.2,0.00231
REQ-00936,1229,95,293.2,0.00184
REQ-00937,1180,318,537.1,0.00177
REQ-00938,229,344,415.4,0.00034
REQ-00939,242,226,269.9,0.00036
REQ-00940,882,463,607.7,0.00132
REQ-00941,135,212,167.5,0.0002
REQ-00942,404,419,556.5,0.00061
REQ-00943,908,423,636.9,0.00136
REQ-00944,83,202,200.2,0.00012
REQ-00945,432,458,681.1,0.00065
REQ-00946,2746,457,965.1,0.00412
REQ-00947,150,499,626.8,0.00022
REQ-00948,122,351,423.2,0.00018
REQ-00949,2530,446,906.9,0.0038
REQ-00950,304,139,269.8,0.00046
REQ-00951,670,240,345.0,0.001
REQ-00952,865,24,257.6,0.0013
REQ-00953,132,57,143.1,0.0002
REQ-00954,2103,77,465.1,0.00315
REQ-00955,977,162,320.7,0.00147
REQ-00956,285,29,183.7,0.00043
REQ-00957,505,46,171.6,0.00076
REQ-00958,2322,96,514.6,0.00348
REQ-00959,839,176,324.6,0.00126
REQ-00960,427,95,210.8,0.00064
REQ-00961,1002,463,651.2,0.0015
REQ-00962,96,409,398.2,0.00014
REQ-00963,531,98,153.3,0.0008
REQ-00964,460,160,270.2,0.00069
REQ-00965,2244,96,482.8,0.00337
REQ-00966,245,441,501.4,0.00037
REQ-00967,1160,228,332.7,0.00174
REQ-00968,1508,192,400.1,0.00226
REQ-00969,1122,129,251.4,0.00168
REQ-00970,170,265,269.4,0.00026
REQ-00971,619,455,670.3,0.00093
REQ-00972,83,199,191.7,0.00012
REQ-00973,311,31,164.5,0.00047
REQ-00974,113,162,127.5,0.00017
REQ-00975,292,240,353.0,0.00044
REQ-00976,614,413,577.4,0.00092
REQ-00977,90,64,125.8,0.00014
REQ-00978,191,245,266.0,0.00029
REQ-00979,1312,249,440.8,0.00197
REQ-00980,1286,190,439.7,0.00193
REQ-00981,646,288,378.9,0.00097
REQ-00982,519,31,174.7,0.00078
REQ-00983,181,185,212.6,0.00027
REQ-00984,505,227,277.5,0.00076
REQ-00985,522,204,212.4,0.00078
REQ-00986,1197,332,556.3,0.0018
REQ-00987,320,30,167.5,0.00048
REQ-00988,580,95,198.7,0.00087
REQ-00989,139,429,458.9,0.00021
REQ-00990,978,16,266.4,0.00147
REQ-00991,1371,362,585.1,0.00206
REQ-00992,242,473,595.8,0.00036
REQ-00993,125,458,508.8,0.00019
REQ-00994,173,296,363.5,0.00026
REQ-00995,440,251,271.0,0.00066
REQ-00996,737,489,744.1,0.00111
REQ-00997,1422,342,519.4,0.00213
REQ-00998,839,373,459.8,0.00126
REQ-00999,421,392,504.8,0.00063
REQ-01000,721,470,630.6,0.00108
REQ-01001,2278,419,810.3,0.00342
REQ-01002,312,268,333.8,0.00047
REQ-01003,1131,356,460.0,0.0017
REQ-01004,3383,436,1036.5,0.00507
REQ-01005,84,339,338.2,0.00013
REQ-01006,472,216,242.2,0.00071
REQ-01007,391,137,196.2,0.00059
REQ-01008,470,454,575.2,0.0007
REQ-01009,230,121,123.2,0.00035
REQ-01010,1241,196,304.0,0.00186
REQ-01011,413,455,596.5,0.00062
REQ-01012,262,446,518.0,0.00039
REQ-01013,304,349,385.4,0.00046
REQ-01014,294,64,161.3,0.00044
REQ-01015,248,436,493.7,0.00037
REQ-01016,2975,454,936.2,0.00446
REQ-01017,1606,324,547.7,0.00241
REQ-01018,113,374,344.2,0.00017
REQ-01019,147,22,176.1,0.00022
REQ-01020,1323,150,380.7,0.00198
REQ-01021,410,297,321.4,0.00062
REQ-01022,90,91,151.3,0.00014
REQ-01023,161,95,62.8,0.00024
REQ-01024,375,306,383.0,0.00056
REQ-01025,339,145,187.4,0.00051
REQ-01026,400,368,447.3,0.0006
REQ-01027,469,351,391.7,0.0007
REQ-01028,577,140,331.7,0.00087
REQ-01029,84,499,608.7,0.00013
REQ-01030,1115,30,272.8,0.00167
REQ-01031,1209,457,689.0,0.00181
REQ-01032,98,30,117.3,0.00015
REQ-01033,680,224,339.2,0.00102
REQ-01034,1435,438,715.6,0.00215
REQ-01035,332,202,251.3,0.0005
REQ-01036,1445,72,367.2,0.00217
REQ-01037,890,383,520.1,0.00134
REQ-01038,3178,376,818.8,0.00477
REQ-01039,350,396,466.1,0.00053
REQ-01040,510,111,308.3,0.00076
REQ-01041,468,256,341.7,0.0007
REQ-01042,440,424,537.2,0.00066
REQ-01043,2052,433,820.2,0.00308
REQ-01044,86,455,578.9,0.00013
REQ-01045,813,249,406.8,0.00122
REQ-01046,422,273,354.9,0.00063
REQ-01047,249,131,194.1,0.00037
REQ-01048,182,414,503.7,0.00027
REQ-01049,1657,317,514.1,0.00249
REQ-01050,206,146,151.1,0.00031
REQ-01051,217,474,683.7,0.00033
REQ-01052,177,74,142.3,0.00027
REQ-01053,73,492,576.8,0.00011
REQ-01054,1032,297,453.0,0.00155
REQ-01055,1741,418,686.4,0.00261
REQ-01056,704,443,664.2,0.00106
REQ-01057,2809,291,722.3,0.00421
REQ-01058,1045,447,724.4,0.00157
REQ-01059,902,370,542.4,0.00135
REQ-01060,189,70,135.7,0.00028
REQ-01061,1634,451,812.1,0.00245
REQ-01062,1518,296,507.4,0.00228
REQ-01063,1558,289,513.2,0.00234
REQ-01064,994,24,237.3,0.00149
REQ-01065,982,199,403.6,0.00147
REQ-01066,2006,245,543.0,0.00301
REQ-01067,276,221,286.3,0.00041
REQ-01068,142,163,218.2,0.00021
REQ-01069,1923,12,418.8,0.00288
REQ-01070,362,386,480.7,0.00054
REQ-01071,2011,260,600.4,0.00302
REQ-01072,281,136,170.3,0.00042
REQ-01073,361,400,483.4,0.00054
REQ-01074,83,349,305.9,0.00012
REQ-01075,348,386,437.6,0.00052
REQ-01076,1058,20,335.8,0.00159
REQ-01077,548,79,206.0,0.00082
REQ-01078,1111,324,518.2,0.00167
REQ-01079,261,331,408.9,0.00039
REQ-01080,293,360,320.7,0.00044
REQ-01081,1444,52,282.5,0.00217
REQ-01082,381,201,341.9,0.00057
REQ-01083,1554,468,788.1,0.00233
REQ-01084,291,255,322.6,0.00044
REQ-01085,103,93,213.8,0.00015
REQ-01086,2271,442,906.1,0.00341
REQ-01087,1250,388,606.3,0.00188
REQ-01088,379,240,300.8,0.00057
REQ-01089,321,58,154.8,0.00048
REQ-01090,1497,347,550.6,0.00225
REQ-01091,315,108,163.3,0.00047
REQ-01092,215,415,480.1,0.00032
REQ-01093,621,377,429.0,0.00093
REQ-01094,263,344,408.3,0.00039
REQ-01095,54,495,639.7,8e-05
REQ-01096,659,310,464.5,0.00099
REQ-01097,251,207,224.8,0.00038
REQ-01098,2780,128,558.8,0.00417
REQ-01099,2295,416,784.9,0.00344
REQ-01100,1213,42,354.7,0.00182
REQ-01101,2228,39,428.5,0.00334
REQ-01102,1660,79,435.9,0.00249
REQ-01103,1055,138,306.4,0.00158
REQ-01104,968,392,524.9,0.00145
REQ-01105,194,344,370.8,0.00029
REQ-01106,564,101,183.3,0.00085
REQ-01107,1438,477,824.4,0.00216
REQ-01108,366,147,191.2,0.00055
REQ-01109,1987,440,749.9,0.00298
REQ-01110,103,249,217.0,0.00015
REQ-01111,1572,472,823.5,0.00236
REQ-01112,711,147,304.5,0.00107
REQ-01113,598,304,453.7,0.0009
REQ-01114,699,293,465.0,0.00105
REQ-01115,237,76,161.8,0.00036
REQ-01116,4397,412,1150.8,0.0066
REQ-01117,244,440,557.8,0.00037
REQ-01118,3027,474,1048.5,0.00454
REQ-01119,229,397,534.6,0.00034
REQ-01120,55,482,609.3,8e-05
REQ-01121,106,391,465.7,0.00016
REQ-01122,282,485,643.9,0.00042
REQ-01123,491,16,183.3,0.00074
REQ-01124,170,391,446.4,0.00026
REQ-01125,653,351,459.1,0.00098
REQ-01126,1788,268,568.3,0.00268
REQ-01127,294,195,263.8,0.00044
REQ-01128,400,222,314.9,0.0006
REQ-01129,474,425,584.0,0.00071
REQ-01130,609,135,164.2,0.00091
REQ-01131,336,192,227.4,0.0005
REQ-01132,771,48,294.7,0.00116
REQ-01133,274,336,356.4,0.00041
REQ-01134,3093,309,704.4,0.00464
REQ-01135,1736,304,542.8,0.0026
REQ-01136,1916,135,465.7,0.00287
REQ-01137,810,283,408.9,0.00122
REQ-01138,392,298,308.7,0.00059
REQ-01139,2019,198,533.1,0.00303
REQ-01140,1160,353,557.7,0.00174
REQ-01141,284,118,196.2,0.00043
REQ-01142,2586,322,740.7,0.00388
REQ-01143,263,396,433.9,0.00039
REQ-01144,761,87,193.4,0.00114
REQ-01145,176,325,382.5,0.00026
REQ-01146,385,142,134.6,0.00058
REQ-01147,314,202,192.1,0.00047
REQ-01148,1169,100,345.2,0.00175
REQ-01149,1470,481,832.8,0.0022
REQ-01150,72,264,282.1,0.00011
REQ-01151,2812,264,690.1,0.00422
REQ-01152,1834,32,364.7,0.00275
REQ-01153,510,342,354.1,0.00076
REQ-01154,1434,23,375.9,0.00215
REQ-01155,1201,368,556.3,0.0018
REQ-01156,1343,409,692.4,0.00201
REQ-01157,1098,412,612.5,0.00165
REQ-01158,146,297,313.9,0.00022
REQ-01159,1090,377,542.3,0.00164
REQ-01160,3316,357,803.3,0.00497
REQ-01161,1246,379,596.2,0.00187
REQ-01162,147,373,383.0,0.00022
REQ-01163,812,433,625.0,0.00122
REQ-01164,576,458,692.0,0.00086
REQ-01165,1457,344,546.7,0.00219
REQ-01166,1269,199,396.6,0.0019
REQ-01167,154,482,576.3,0.00023
REQ-01168,517,347,408.9,0.00078
REQ-01169,491,332,464.8,0.00074
REQ-01170,308,36,171.8,0.00046
REQ-01171,1555,242,508.1,0.00233
REQ-01172,761,63,227.2,0.00114
REQ-01173,2373,69,529.3,0.00356
REQ-01174,904,286,371.9,0.00136
REQ-01175,203,296,317.9,0.0003
REQ-01176,4447,468,1261.8,0.00667
REQ-01177,770,351,556.4,0.00116
REQ-01178,859,108,246.9,0.00129
REQ-01179,260,92,17867.1,0.00039
REQ-01180,475,385,444.6,0.00071
REQ-01181,715,458,655.4,0.00107
REQ-01182,120,354,397.0,0.00018
REQ-01183,272,394,456.1,0.00041
REQ-01184,1915,43,391.4,0.00287
REQ-01185,1751,358,663.4,0.00263
REQ-01186,1037,200,442.9,0.00156
REQ-01187,355,309,338.0,0.00053
REQ-01188,1369,164,335.8,0.00205
REQ-01189,229,201,235.7,0.00034
REQ-01190,813,467,626.3,0.00122
REQ-01191,1261,57,379.4,0.00189
REQ-01192,3374,417,1002.2,0.00506
REQ-01193,479,90,216.6,0.00072
REQ-01194,472,409,481.0,0.00071
REQ-01195,226,250,251.9,0.00034
REQ-01196,1877,48,415.0,0.00282
REQ-01197,1432,221,415.1,0.00215
REQ-01198,1557,130,337.4,0.00234
REQ-01199,2022,114,457.0,0.00303
REQ-01200,2193,442,798.7,0.00329
REQ-01201,826,498,777.6,0.00124
REQ-01202,554,298,421.3,0.00083
REQ-01203,218,427,553.8,0.00033
REQ-01204,394,465,553.5,0.00059
REQ-01205,2027,163,416.1,0.00304
REQ-01206,835,321,398.7,0.00125
REQ-01207,536,394,521.5,0.0008
REQ-01208,1380,33,315.7,0.00207
REQ-01209,104,57,122.2,0.00016
REQ-01210,676,454,576.4,0.00101
REQ-01211,135,254,238.5,0.0002
REQ-01212,57,125,138.8,9e-05
REQ-01213,1527,311,505.6,0.00229
REQ-01214,704,448,699.2,0.00106
REQ-01215,544,207,307.0,0.00082
REQ-01216,766,460,667.4,0.00115
REQ-01217,765,315,415.7,0.00115
REQ-01218,52,465,602.0,8e-05
REQ-01219,448,421,579.1,0.00067
REQ-01220,273,478,612.2,0.00041
REQ-01221,269,473,615.0,0.0004
REQ-01222,149,479,564.3,0.00022
REQ-01223,473,170,269.4,0.00071
REQ-01224,1242,370,575.0,0.00186
REQ-01225,3532,34,594.9,0.0053
REQ-01226,670,441,670.9,0.001
REQ-01227,74,389,470.9,0.00011
REQ-01228,642,301,427.3,0.00096
REQ-01229,614,476,658.6,0.00092
REQ-01230,2460,36,504.9,0.00369
REQ-01231,938,116,334.2,0.00141
REQ-01232,993,137,251.1,0.00149
REQ-01233,2513,450,950.7,0.00377
REQ-01234,1579,425,779.2,0.00237
REQ-01235,3367,106,649.7,0.00505
REQ-01236,404,150,216.1,0.00061
REQ-01237,618,366,482.7,0.00093
REQ-01238,357,177,226.9,0.00054
REQ-01239,362,421,541.8,0.00054
REQ-01240,479,67,187.0,0.00072
REQ-01241,547,375,564.8,0.00082
REQ-01242,1238,292,446.3,0.00186
REQ-01243,1182,484,775.0,0.00177
REQ-01244,746,110,206.8,0.00112
REQ-01245,1193,215,414.2,0.00179
REQ-01246,2357,137,536.6,0.00354
REQ-01247,4148,374,1053.2,0.00622
REQ-01248,547,171,362.1,0.00082
REQ-01249,393,353,442.8,0.00059
REQ-01250,351,105,163.6,0.00053
REQ-01251,204,98,153.1,0.00031
REQ-01252,511,163,281.8,0.00077
REQ-01253,95,221,285.3,0.00014
REQ-01254,371,284,403.0,0.00056
REQ-01255,72,25,124.7,0.00011
REQ-01256,1405,347,526.7,0.00211
REQ-01257,1592,34,398.7,0.00239
REQ-01258,564,248,295.4,0.00085
REQ-01259,3593,179,695.9,0.00539
REQ-01260,711,149,266.5,0.00107
REQ-01261,833,208,339.3,0.00125
REQ-01262,137,221,242.0,0.00021
REQ-01263,744,375,458.0,0.00112
REQ-01264,581,19,242.3,0.00087
REQ-01265,626,244,408.5,0.00094
REQ-01266,703,393,562.1,0.00105
REQ-01267,789,155,225.8,0.00118
REQ-01268,1251,208,361.4,0.00188
REQ-01269,175,326,361.3,0.00026
REQ-01270,849,108,349.4,0.00127
REQ-01271,490,270,272.1,0.00074
REQ-01272,1311,441,694.6,0.00197
REQ-01273,1587,255,554.4,0.00238
REQ-01274,511,380,511.8,0.00077
REQ-01275,565,230,315.3,0.00085
REQ-01276,1191,38,226.7,0.00179
REQ-01277,909,84,259.3,0.00136
REQ-01278,383,307,361.7,0.00057
REQ-01279,606,15,23195.6,0.00091
REQ-01280,304,475,591.7,0.00046
REQ-01281,194,218,264.8,0.00029
REQ-01282,453,445,542.9,0.00068
REQ-01283,1075,192,370.4,0.00161
REQ-01284,1483,460,743.7,0.00222
REQ-01285,917,302,464.4,0.00138
REQ-01286,559,214,308.8,0.00084
REQ-01287,154,427,509.1,0.00023
REQ-01288,803,63,220.5,0.0012
REQ-01289,518,162,241.9,0.00078
REQ-01290,706,127,288.4,0.00106
REQ-01291,935,67,261.2,0.0014
REQ-01292,196,395,445.6,0.00029
REQ-01293,1313,48,298.4,0.00197
REQ-01294,1256,344,538.3,0.00188
REQ-01295,990,41,224.9,0.00148
REQ-01296,1595,375,657.9,0.00239
REQ-01297,821,187,283.4,0.00123
REQ-01298,1649,373,595.1,0.00247
REQ-01299,1189,89,304.0,0.00178
REQ-01300,81,429,543.7,0.00012
REQ-01301,492,376,528.8,0.00074
REQ-01302,933,332,411.5,0.0014
REQ-01303,1183,203,375.0,0.00177
REQ-01304,991,192,313.2,0.00149
REQ-01305,685,457,23404.0,0.00103
REQ-01306,286,175,220.7,0.00043
REQ-01307,283,113,190.5,0.00042
REQ-01308,335,163,225.1,0.0005
REQ-01309,399,190,256.7,0.0006
REQ-01310,442,288,365.8,0.00066
REQ-01311,117,428,583.6,0.00018
REQ-01312,135,437,575.2,0.0002
REQ-01313,57,251,302.6,9e-05
REQ-01314,2296,316,755.8,0.00344
REQ-01315,285,397,502.9,0.00043
REQ-01316,753,41,185.6,0.00113
REQ-01317,1698,95,328.2,0.00255
REQ-01318,1194,88,334.8,0.00179
REQ-01319,262,390,456.9,0.00039
REQ-01320,581,328,438.3,0.00087
REQ-01321,319,317,324.4,0.00048
REQ-01322,1288,170,331.5,0.00193
REQ-01323,891,418,546.8,0.00134
REQ-01324,2567,64,429.5,0.00385
REQ-01325,2474,338,657.3,0.00371
REQ-01326,140,33,160.0,0.00021
REQ-01327,907,274,405.6,0.00136
REQ-01328,1088,394,608.4,0.00163
REQ-01329,1468,466,779.8,0.0022
REQ-01330,599,27,230.3,0.0009
REQ-01331,1124,33,315.7,0.00169
REQ-01332,1086,179,369.8,0.00163
REQ-01333,213,123,192.8,0.00032
REQ-01334,303,236,258.8,0.00045
REQ-01335,131,290,313.1,0.0002
REQ-01336,2231,166,488.1,0.00335
REQ-01337,592,356,468.1,0.00089
REQ-01338,928,276,405.1,0.00139
REQ-01339,120,381,406.7,0.00018
REQ-01340,1753,138,428.0,0.00263
REQ-01341,86,471,621.9,0.00013
REQ-01342,517,94,181.3,0.00078
REQ-01343,234,306,349.4,0.00035
REQ-01344,1564,105,394.0,0.00235
REQ-01345,825,41,193.8,0.00124
REQ-01346,89,453,598.1,0.00013
REQ-01347,997,291,458.8,0.0015
REQ-01348,719,310,494.4,0.00108
REQ-01349,592,65,240.4,0.00089
REQ-01350,1189,64,303.6,0.00178
REQ-01351,423,402,498.2,0.00063
REQ-01352,437,312,423.5,0.00066
REQ-01353,791,336,495.2,0.00119
REQ-01354,308,491,647.5,0.00046
REQ-01355,457,294,386.0,0.00069
REQ-01356,1652,444,739.4,0.00248
REQ-01357,476,228,338.2,0.00071
REQ-01358,180,350,368.6,0.00027
REQ-01359,1082,292,508.6,0.00162
REQ-01360,670,220,281.1,0.001
REQ-01361,948,221,492.1,0.00142
REQ-01362,1291,466,798.8,0.00194
REQ-01363,704,481,741.6,0.00106
REQ-01364,823,26,278.8,0.00123
REQ-01365,584,369,437.9,0.00088
REQ-01366,72,377,429.0,0.00011
REQ-01367,1789,306,540.2,0.00268
REQ-01368,358,270,300.2,0.00054
REQ-01369,897,490,686.6,0.00135
REQ-01370,313,177,227.2,0.00047
REQ-01371,362,132,280.8,0.00054
REQ-01372,956,394,637.2,0.00143
REQ-01373,443,239,333.9,0.00066
REQ-01374,142,377,476.1,0.00021
REQ-01375,137,220,270.8,0.00021
REQ-01376,887,268,363.8,0.00133
REQ-01377,71,151,138.7,0.00011
REQ-01378,292,314,387.7,0.00044
REQ-01379,722,223,336.6,0.00108
REQ-01380,928,312,484.9,0.00139
REQ-01381,263,146,253.4,0.00039
REQ-01382,547,308,416.0,0.00082
REQ-01383,261,136,207.7,0.00039
REQ-01384,1942,87,438.8,0.00291
REQ-01385,628,76,171.6,0.00094
REQ-01386,4124,263,861.4,0.00619
REQ-01387,310,477,638.1,0.00046
REQ-01388,958,302,467.9,0.00144
REQ-01389,486,284,16118.4,0.00073
REQ-01390,1123,84,289.5,0.00168
REQ-01391,1000,163,346.6,0.0015
REQ-01392,833,199,401.2,0.00125
REQ-01393,102,312,374.2,0.00015
REQ-01394,1625,440,781.4,0.00244
REQ-01395,266,370,401.3,0.0004
REQ-01396,2833,454,925.2,0.00425
REQ-01397,420,379,437.5,0.00063
REQ-01398,368,431,458.0,0.00055
REQ-01399,1614,440,816.5,0.00242
REQ-01400,61,381,392.0,9e-05
REQ-01401,641,432,489.3,0.00096
REQ-01402,219,207,180.2,0.00033
REQ-01403,220,413,500.2,0.00033
REQ-01404,350,178,246.1,0.00053
REQ-01405,610,199,329.6,0.00092
REQ-01406,682,132,262.4,0.00102
REQ-01407,675,50,210.4,0.00101
REQ-01408,429,376,433.4,0.00064
REQ-01409,2719,270,734.2,0.00408
REQ-01410,124,363,431.5,0.00019
REQ-01411,1132,328,407.4,0.0017
REQ-01412,789,395,558.0,0.00118
REQ-01413,611,215,302.1,0.00092
REQ-01414,51,139,122.9,8e-05
REQ-01415,684,455,665.8,0.00103
REQ-01416,443,221,304.1,0.00066
REQ-01417,295,483,637.9,0.00044
REQ-01418,398,184,257.1,0.0006
REQ-01419,565,317,365.9,0.00085
REQ-01420,607,147,271.2,0.00091
REQ-01421,858,269,378.3,0.00129
REQ-01422,375,411,571.5,0.00056
REQ-01423,307,345,442.9,0.00046
REQ-01424,126,224,284.3,0.00019
REQ-01425,362,161,263.5,0.00054
REQ-01426,1752,367,602.1,0.00263
REQ-01427,121,150,203.6,0.00018
REQ-01428,928,41,275.3,0.00139
REQ-01429,414,39,153.6,0.00062
REQ-01430,2055,148,451.8,0.00308
REQ-01431,376,324,406.9,0.00056
REQ-01432,1643,58,371.5,0.00246
REQ-01433,317,427,554.9,0.00048
REQ-01434,250,227,224.3,0.00038
REQ-01435,454,253,283.3,0.00068
REQ-01436,1833,17,411.6,0.00275
REQ-01437,807,218,370.1,0.00121
REQ-01438,1848,206,496.3,0.00277
REQ-01439,291,355,461.2,0.00044
REQ-01440,454,320,417.1,0.00068
REQ-01441,388,362,497.6,0.00058
REQ-01442,1261,22,292.2,0.00189
REQ-01443,518,386,523.5,0.00078
REQ-01444,670,50,209.8,0.001
REQ-01445,372,32,224.6,0.00056
REQ-01446,275,483,597.7,0.00041
REQ-01447,274,230,223.1,0.00041
REQ-01448,1063,122,307.1,0.00159
REQ-01449,564,178,267.2,0.00085
REQ-01450,256,269,289.6,0.00038
REQ-01451,1116,103,368.3,0.00167
REQ-01452,3223,441,950.9,0.00483
REQ-01453,497,60,237.4,0.00075
REQ-01454,1634,129,508.4,0.00245
REQ-01455,210,346,373.7,0.00032
REQ-01456,989,265,375.0,0.00148
REQ-01457,612,488,673.4,0.00092
REQ-01458,67,166,171.3,0.0001
REQ-01459,2486,432,828.3,0.00373
REQ-01460,117,170,185.9,0.00018
REQ-01461,575,479,588.6,0.00086
REQ-01462,213,420,551.4,0.00032
REQ-01463,193,17,125.3,0.00029
REQ-01464,945,225,387.3,0.00142
REQ-01465,102,489,654.8,0.00015
REQ-01466,302,451,589.8,0.00045
REQ-01467,440,203,250.9,0.00066
REQ-01468,184,149,190.9,0.00028
REQ-01469,2832,97,622.6,0.00425
REQ-01470,1128,367,550.6,0.00169
REQ-01471,369,333,392.1,0.00055
REQ-01472,156,349,484.1,0.00023
REQ-01473,324,184,247.9,0.00049
REQ-01474,852,495,732.4,0.00128
REQ-01475,921,179,342.2,0.00138
REQ-01476,6222,209,1219.3,0.00933
REQ-01477,1939,322,630.6,0.00291
REQ-01478,1316,282,445.7,0.00197
REQ-01479,603,391,550.0,0.0009
REQ-01480,206,40,173.7,0.00031
REQ-01481,624,189,370.5,0.00094
REQ-01482,659,441,629.8,0.00099
REQ-01483,160,346,365.2,0.00024
REQ-01484,111,448,605.1,0.00017
REQ-01485,1295,258,447.7,0.00194
REQ-01486,1266,69,277.1,0.0019
REQ-01487,226,111,149.6,0.00034
REQ-01488,482,127,157.6,0.00072
REQ-01489,1342,421,609.4,0.00201
REQ-01490,972,15,282.5,0.00146
REQ-01491,1172,480,766.7,0.00176
REQ-01492,501,198,321.1,0.00075
REQ-01493,452,340,401.9,0.00068
REQ-01494,312,82,175.4,0.00047
REQ-01495,1098,382,566.9,0.00165
REQ-01496,588,37,211.3,0.00088
REQ-01497,1247,226,441.0,0.00187
REQ-01498,778,244,409.8,0.00117
REQ-01499,699,390,579.2,0.00105
REQ-01500,294,14,97.1,0.00044
